<?xml version="1.0" encoding="utf-8"?>
<!DOCTYPE hibernate-configuration PUBLIC
        "-//Hibernate/Hibernate Configuration DTD 3.0//EN"
        "http://hibernate.sourceforge.net/hibernate-configuration-3.0.dtd">
<hibernate-configuration>
    <session-factory>
        <property name="hibernate.bytecode.use_reflection_optimizer">false</property>
        <property name="hibernate.connection.driver_class">org.h2.Driver</property>
        <property name="hibernate.connection.password"></property>
        <property name="hibernate.connection.url">jdbc:h2:~/test</property>
        <property name="hibernate.connection.username">ss</property>
        <property name="hibernate.dialect">org.hibernate.dialect.H2Dialect</property>
        <property name="hibernate.hbm2ddl.auto">update</property>
        <property name="show_sql">true</property>

        <mapping class="entity.Address"></mapping>
        <mapping class="entity.Project"></mapping>
        <mapping class="entity.Employee"></mapping>
    </session-factory>
</hibernate-configuration>